[
    {
        "id": "counter-info",
        "category": "お知らせ",
        "title": "ホームページにアクセスカウンターを近日追加します。",
        "date": "2025年11月23日",
        "content": "より多くの皆様にアクセスいただいていることを可視化するため、ホームページにアクセスカウンターを近日中に追加予定です。",
        "isImportant": false,
        "type": "general"
    },
    {
        "id": "newspaper-vol1",
        "category": "お知らせ",
        "title": "サイト内新聞 創刊号1号の公開について",
        "date": "2025年10月18日",
        "content": "サイト内新聞「創刊号1号」を公開しました。ぜひご覧ください。<br>👉 <a href=\"#\">サイト内新聞 創刊号1号はこちら</a>",
        "isImportant": false,
        "type": "rail"
    },
    {
        "id": "fake-account-warning",
        "category": "重要",
        "title": "なりすましアカウントにご注意ください",
        "date": "2025年9月13日",
        "content": "最近、X（旧Twitter）やYouTubeで「篠ノ井乗務区」を名乗るなりすましアカウントが確認されています。これらのアカウントは当区とは一切関係ありません。<br>怪しいアカウントを見つけた場合は、フォローや拡散をせず、通報またはブロックをお願いします。<br>正しいアカウントの確認方法や詳細については、以下のPDFをご確認ください。<br>[[<a href=\"#\">なりすまし注意喚起文書.pdf</a>]]<br>皆さまのご協力をお願い申し上げます。",
        "isImportant": true,
        "type": "general"
    },
    {
        "id": "contact-temporary-closure",
        "category": "重要",
        "title": "お問い合わせ窓口の一時的な非公開について",
        "date": "2025年9月17日",
        "content": "いつも「鉄道ファン広場 🚉」をご利用いただきありがとうございます。現在、篠ノ井乗務区のお問い合わせ窓口は一時的に非公開となっております。下記のお問い合わせフォームをご利用ください。<br>👉 <a href=\"contact.html\">お問い合わせフォーム</a><br><br>お問い合わせに関する流れ:<ol><li>フォームに必要事項を入力し、送信してください。</li><li>入力したメールアドレスに「確認メール」が届きます。</li><li>担当部署で内容を確認後、折り返しご連絡差し上げます。</li></ol><br>送信内容について:<ul><li>ご記入いただいた内容は、お問い合わせ対応のためにのみ利用いたします。</li><li>第三者への提供や公開は一切行いません。</li><li>内容によってはご回答までにお時間をいただく場合がございます。</li><li>ご質問の内容によっては、お答えできない場合もございます。</li></ul><small>【管理番号：20250919-CONTACT-#X9!LQ@7】</small>",
        "isImportant": true,
        "type": "general"
    },
    {
        "id": "rail-hiroba-open",
        "category": "情報",
        "title": "🎉 鉄道ファン広場 🚉 トップページ公開",
        "date": "2025年9月17日",
        "content": "「鉄道ファン広場」は、全国の鉄道ファンが集まり、記事や写真を投稿して楽しめるコミュニティサイトです。現在は制作途中ですが、トップページを公開しています！これから追加予定のコンテンツもぜひお楽しみに🚄<br>👉 <a href=\"#\">鉄道ファン広場 トップページ</a><small>【管理番号：20250919-RAIL-#X7@Q!】</small>",
        "isImportant": false,
        "type": "rail"
    },
    {
        "id": "design-update-8-5",
        "category": "更新",
        "title": "デザイン変更しました。",
        "date": "2025年8月5日",
        "content": "ナビゲーションにて、今開いているページが強調表示されるようになりました。",
        "isImportant": false,
        "type": "general"
    },
    {
        "id": "new-site-launch",
        "category": "お知らせ",
        "title": "新サイトについて (2025年7月20日)",
        "date": "2025年7月20日",
        "content": "このページは新サイトです。PC・スマホサイトを一本化し、タブレット専用サイトは設けず、すべての端末から同じURLでアクセスできるよう、レスポンシブ対応で再構築いたしました。今後は本サイトにて、最新情報や各種ご案内を掲載してまいります。<small>管理番号：INF-20250720-01</small>",
        "isImportant": false,
        "type": "general"
    },
    {
        "id": "discord-open",
        "category": "情報",
        "title": "新しいDiscord雑談サーバー「しののいTalkLine」オープンのお知らせ",
        "date": "2025年7月21日",
        "content": "鉄道が好きな方も、そうでない方も、どなたでも気軽に参加できる雑談サーバーができました！<ul><li>深夜のつぶやきや日常のちょっとした話題まで、ゆるく楽しくおしゃべりしましょう。</li><li>鉄道トークはもちろんOK！雑談や悩み相談も大歓迎！</li><li>みんなが安心して話せる場所を目指しています。</li></ul><p>ぜひお気軽にご参加ください！</p><p>👉 サーバー参加はこちらから: <a href=\"https://discord.gg/n22jNqQAWQ\" target=\"_blank\">discord.gg/n22jNqQAWQ</a></p><small>管理番号：INF-20250721-01</small>",
        "isImportant": false,
        "type": "general"
    }
]